file,class,type,cbo,cboModified,fanin,fanout,wmc,dit,noc,rfc,lcom,lcom*,tcc,lcc,totalMethodsQty,staticMethodsQty,publicMethodsQty,privateMethodsQty,protectedMethodsQty,defaultMethodsQty,visibleMethodsQty,abstractMethodsQty,finalMethodsQty,synchronizedMethodsQty,totalFieldsQty,staticFieldsQty,publicFieldsQty,privateFieldsQty,protectedFieldsQty,defaultFieldsQty,finalFieldsQty,synchronizedFieldsQty,nosi,loc,returnQty,loopQty,comparisonsQty,tryCatchQty,parenthesizedExpsQty,stringLiteralsQty,numbersQty,assignmentsQty,mathOperationsQty,variablesQty,maxNestedBlocksQty,anonymousClassesQty,innerClassesQty,lambdasQty,uniqueWordsQty,modifiers,logStatementsQty
C:\Users\leven\OneDrive\Desktop\qmood-picocli\versions\v4.6.3\src\main\java\picocli\CommandLine.java,picocli.CommandLine$OverwrittenOptionException,innerclass,3,3,0,3,2,6,0,0,0,0.5,0.0,0.0,2,0,2,0,0,0,2,0,0,0,2,1,0,2,0,0,2,0,0,11,1,0,0,0,0,0,1,2,0,2,0,0,0,0,38,9,0
C:\Users\leven\OneDrive\Desktop\qmood-picocli\versions\v4.6.3\src\main\java\picocli\CommandLine.java,picocli.CommandLine$ParseResult$GroupValidationResult$Type,enum,0,0,0,0,0,1,0,0,0,0.0,-1.0,-1.0,0,0,0,0,0,0,0,0,0,0,0,0,0,0,0,0,0,0,0,1,0,0,0,0,0,0,0,0,0,0,0,0,0,0,12,0,0
C:\Users\leven\OneDrive\Desktop\qmood-picocli\versions\v4.6.3\src\main\java\picocli\CommandLine.java,picocli.CommandLine$Help$Layout,innerclass,13,13,0,13,22,1,0,13,55,0.73333335,0.0,0.0,15,0,15,0,0,0,15,0,0,0,4,0,0,0,4,0,2,0,5,70,5,5,0,0,0,6,1,6,1,6,2,0,0,0,132,9,0
C:\Users\leven\OneDrive\Desktop\qmood-picocli\versions\v4.6.3\src\main\java\picocli\CommandLine.java,picocli.CommandLine$Help$ColorScheme,innerclass,9,9,0,9,45,1,0,43,90,0.76,0.0,0.0,25,0,24,0,0,1,25,0,0,0,9,1,0,9,0,0,9,0,15,244,29,1,10,0,3,19,13,28,19,17,2,1,1,0,183,9,0
C:\Users\leven\OneDrive\Desktop\qmood-picocli\versions\v4.6.3\src\main\java\picocli\CommandLine.java,picocli.CommandLine$BuiltIn$BigIntegerConverter,innerclass,1,1,0,1,1,1,0,0,0,0.0,NaN,NaN,1,0,1,0,0,0,1,0,0,0,0,0,0,0,0,0,0,0,0,5,1,0,0,0,0,0,0,0,0,0,0,0,0,0,5,8,0
C:\Users\leven\OneDrive\Desktop\qmood-picocli\versions\v4.6.3\src\main\java\picocli\CommandLine.java,picocli.CommandLine$Model$PicocliInvocationHandler,innerclass,2,2,0,2,1,1,0,2,0,0.0,NaN,NaN,1,0,1,0,0,0,1,0,0,0,1,0,0,0,0,1,1,0,0,20,1,0,0,0,0,0,0,1,0,1,0,0,1,0,9,10,0
C:\Users\leven\OneDrive\Desktop\qmood-picocli\versions\v4.6.3\src\main\java\picocli\CommandLine.java,picocli.CommandLine$BuiltIn$PatternConverter,innerclass,1,1,0,1,1,1,0,1,0,0.0,NaN,NaN,1,0,1,0,0,0,1,0,0,0,0,0,0,0,0,0,0,0,1,5,1,0,0,0,0,0,0,0,0,0,0,0,0,0,4,8,0
C:\Users\leven\OneDrive\Desktop\qmood-picocli\versions\v4.6.3\src\main\java\picocli\CommandLine.java,picocli.CommandLine$BuiltIn$ShortConverter,innerclass,3,3,0,3,2,1,0,2,0,0.0,NaN,NaN,1,0,1,0,0,0,1,0,0,0,0,0,0,0,0,0,0,0,2,10,1,0,0,1,0,0,0,0,0,0,1,0,0,0,13,8,0
C:\Users\leven\OneDrive\Desktop\qmood-picocli\versions\v4.6.3\src\main\java\picocli\CommandLine.java,picocli.CommandLine$Model$PositionalParamSpec,innerclass,8,8,0,8,18,3,0,11,40,0.6666667,0.0,0.0,13,3,9,3,1,0,10,0,0,0,3,0,0,3,0,0,1,0,7,101,13,0,4,0,1,4,2,6,6,4,1,0,1,0,208,9,0
C:\Users\leven\OneDrive\Desktop\qmood-picocli\versions\v4.6.3\src\main\java\picocli\CommandLine.java,picocli.CommandLine$Help,innerclass,40,40,0,40,206,2,0,243,2635,0.90196085,0.0,0.0,102,23,66,19,9,8,83,0,0,0,10,2,2,6,2,0,9,0,66,1942,107,27,18,1,7,48,61,128,27,98,6,1,18,0,844,9,0
C:\Users\leven\OneDrive\Desktop\qmood-picocli\versions\v4.6.3\src\main\java\picocli\CommandLine.java,picocli.CommandLine$BuiltIn$StringConverter,innerclass,1,1,0,1,1,1,0,0,0,0.0,NaN,NaN,1,0,1,0,0,0,1,0,0,0,0,0,0,0,0,0,0,0,0,5,1,0,0,0,0,0,0,0,0,0,0,0,0,0,4,8,0
C:\Users\leven\OneDrive\Desktop\qmood-picocli\versions\v4.6.3\src\main\java\picocli\CommandLine.java,picocli.CommandLine$Help$MinimalParameterRenderer,innerclass,6,6,0,6,2,1,0,3,0,0.0,NaN,NaN,1,0,1,0,0,0,1,0,0,0,0,0,0,0,0,0,0,0,0,5,1,0,1,0,0,1,2,0,0,0,0,0,0,0,34,8,0
C:\Users\leven\OneDrive\Desktop\qmood-picocli\versions\v4.6.3\src\main\java\picocli\CommandLine.java,picocli.CommandLine$NoVersionProvider,innerclass,1,1,0,1,1,1,0,0,0,0.0,NaN,NaN,1,0,1,0,0,0,1,0,0,0,0,0,0,0,0,0,0,0,0,5,0,0,0,0,0,0,0,0,0,0,0,0,0,0,8,10,0
C:\Users\leven\OneDrive\Desktop\qmood-picocli\versions\v4.6.3\src\main\java\picocli\CommandLine.java,picocli.CommandLine$Help$Ansi$IStyle,interface,0,0,0,0,2,1,0,0,1,1.0,0.0,0.0,2,0,0,0,0,2,2,0,0,0,1,0,0,0,0,1,0,0,0,5,0,0,0,0,0,1,0,1,0,1,0,0,0,0,21,1,0
C:\Users\leven\OneDrive\Desktop\qmood-picocli\versions\v4.6.3\src\main\java\picocli\CommandLine.java,picocli.CommandLine$Help$Ansi$Palette256Color,innerclass,2,2,0,2,11,1,0,3,0,0.1,0.0,0.0,5,0,4,0,0,1,5,0,0,0,2,0,0,2,0,0,2,0,5,33,6,0,4,0,3,3,12,5,11,4,1,0,0,0,31,8,0
C:\Users\leven\OneDrive\Desktop\qmood-picocli\versions\v4.6.3\src\main\java\picocli\CommandLine.java,picocli.CommandLine$BuiltIn$DoubleConverter,innerclass,3,3,0,3,2,1,0,2,0,0.0,NaN,NaN,1,0,1,0,0,0,1,0,0,0,0,0,0,0,0,0,0,0,2,10,1,0,0,1,0,0,0,0,0,0,1,0,0,0,7,8,0
C:\Users\leven\OneDrive\Desktop\qmood-picocli\versions\v4.6.3\src\main\java\picocli\CommandLine.java,picocli.CommandLine$ParseResult$GroupMatchContainer$Anonymous28,anonymous,3,3,0,3,1,1,0,2,0,0.0,NaN,NaN,1,0,1,0,0,0,1,0,0,0,0,0,0,0,0,0,0,0,0,5,1,0,0,0,0,3,0,0,1,0,0,0,0,0,10,-1,0
C:\Users\leven\OneDrive\Desktop\qmood-picocli\versions\v4.6.3\src\main\java\picocli\CommandLine.java,picocli.CommandLine$RunAll,innerclass,9,9,0,9,12,3,0,13,21,0.0,0.0,0.0,7,0,2,2,3,0,5,0,0,0,0,0,0,0,0,0,0,0,4,40,8,3,0,0,0,0,0,1,0,1,1,0,0,0,130,9,0
C:\Users\leven\OneDrive\Desktop\qmood-picocli\versions\v4.6.3\src\main\java\picocli\CommandLine.java,picocli.CommandLine$MutuallyExclusiveArgsException,innerclass,2,2,0,2,1,6,0,0,0,1.0,NaN,NaN,1,0,1,0,0,0,1,0,0,0,1,1,0,1,0,0,1,0,0,6,0,0,0,0,0,0,1,1,0,1,0,0,0,0,27,9,0
C:\Users\leven\OneDrive\Desktop\qmood-picocli\versions\v4.6.3\src\main\java\picocli\CommandLine.java,picocli.CommandLine$Model$IScope,interface,2,2,0,2,0,1,0,0,0,0.0,-1.0,-1.0,0,0,0,0,0,0,0,0,0,0,0,0,0,0,0,0,0,0,0,2,0,0,0,0,0,0,0,0,0,0,0,0,0,0,46,1,0
C:\Users\leven\OneDrive\Desktop\qmood-picocli\versions\v4.6.3\src\main\java\picocli\CommandLine.java,picocli.CommandLine$RegexTransformer,innerclass,4,4,0,4,10,1,0,12,5,0.5,0.0,0.0,6,2,5,0,0,1,6,0,0,0,2,0,0,0,0,2,2,0,3,66,7,2,0,0,0,27,0,6,1,6,2,0,1,0,90,9,0
C:\Users\leven\OneDrive\Desktop\qmood-picocli\versions\v4.6.3\src\main\java\picocli\CommandLine.java,picocli.CommandLine$BuiltIn$CharsetConverter,innerclass,1,1,0,1,1,1,0,1,0,0.0,NaN,NaN,1,0,1,0,0,0,1,0,0,0,0,0,0,0,0,0,0,0,1,5,1,0,0,0,0,0,0,0,0,0,0,0,0,0,4,8,0
C:\Users\leven\OneDrive\Desktop\qmood-picocli\versions\v4.6.3\src\main\java\picocli\CommandLine.java,picocli.CommandLine$Model$UsageMessageSpec$Anonymous11,anonymous,1,1,0,1,1,1,0,1,0,0.0,NaN,NaN,1,0,1,0,0,0,1,0,0,0,0,0,0,0,0,0,0,0,0,5,1,0,0,0,0,0,0,0,0,0,0,0,0,0,3,-1,0
C:\Users\leven\OneDrive\Desktop\qmood-picocli\versions\v4.6.3\src\main\java\picocli\CommandLine.java,picocli.CommandLine$Model$UsageMessageSpec$Anonymous10,anonymous,1,1,0,1,1,1,0,1,0,0.0,NaN,NaN,1,0,1,0,0,0,1,0,0,0,0,0,0,0,0,0,0,0,0,5,1,0,0,0,0,0,0,0,0,0,0,0,0,0,3,-1,0
C:\Users\leven\OneDrive\Desktop\qmood-picocli\versions\v4.6.3\src\main\java\picocli\CommandLine.java,picocli.CommandLine$Model$UsageMessageSpec$Anonymous13,anonymous,1,1,0,1,1,1,0,1,0,0.0,NaN,NaN,1,0,1,0,0,0,1,0,0,0,0,0,0,0,0,0,0,0,0,5,1,0,0,0,0,0,0,0,0,0,0,0,0,0,3,-1,0
C:\Users\leven\OneDrive\Desktop\qmood-picocli\versions\v4.6.3\src\main\java\picocli\CommandLine.java,picocli.CommandLine$Model$UsageMessageSpec$Anonymous12,anonymous,1,1,0,1,1,1,0,1,0,0.0,NaN,NaN,1,0,1,0,0,0,1,0,0,0,0,0,0,0,0,0,0,0,0,5,1,0,0,0,0,0,0,0,0,0,0,0,0,0,3,-1,0
C:\Users\leven\OneDrive\Desktop\qmood-picocli\versions\v4.6.3\src\main\java\picocli\CommandLine.java,picocli.CommandLine$BuiltIn$FileConverter,innerclass,1,1,0,1,1,1,0,0,0,0.0,NaN,NaN,1,0,1,0,0,0,1,0,0,0,0,0,0,0,0,0,0,0,0,5,1,0,0,0,0,0,0,0,0,0,0,0,0,0,4,8,0
C:\Users\leven\OneDrive\Desktop\qmood-picocli\versions\v4.6.3\src\main\java\picocli\CommandLine.java,picocli.CommandLine$Help$TextTable,innerclass,10,10,0,10,68,1,0,50,172,0.85267854,0.0,0.0,28,7,19,7,2,0,21,0,0,0,8,2,1,6,1,0,6,0,17,241,27,12,13,0,2,11,43,60,25,42,3,0,2,0,227,9,0
C:\Users\leven\OneDrive\Desktop\qmood-picocli\versions\v4.6.3\src\main\java\picocli\AutoComplete.java,picocli.AutoComplete$CommandDescriptor,innerclass,1,1,0,1,1,1,0,0,0,0.0,NaN,NaN,1,0,0,0,0,1,1,0,0,0,5,0,0,0,0,5,5,0,0,14,0,0,0,0,0,0,0,5,0,5,0,0,0,0,11,10,0
C:\Users\leven\OneDrive\Desktop\qmood-picocli\versions\v4.6.3\src\main\java\picocli\CommandLine.java,picocli.CommandLine$Help$IParamLabelRenderer,interface,4,4,0,4,2,1,0,0,1,0.0,0.0,0.0,2,0,0,0,0,2,2,0,0,0,0,0,0,0,0,0,0,0,0,4,0,0,0,0,0,0,0,0,0,0,0,0,0,0,60,1,0
C:\Users\leven\OneDrive\Desktop\qmood-picocli\versions\v4.6.3\src\main\java\picocli\CommandLine.java,picocli.CommandLine$Model$Interpolator,innerclass,4,4,0,4,45,1,0,22,20,0.6875,0.0,0.0,8,1,4,4,0,0,4,0,0,0,2,0,0,2,0,0,2,0,2,163,16,5,17,1,1,11,24,38,18,21,3,4,1,0,52,8,0
C:\Users\leven\OneDrive\Desktop\qmood-picocli\versions\v4.6.3\src\main\java\picocli\CommandLine.java,picocli.CommandLine$DefaultExceptionHandler,innerclass,14,14,0,14,7,2,0,18,10,0.0,0.0,0.0,5,1,3,0,1,1,5,0,0,0,0,0,0,0,0,0,0,0,9,26,4,0,0,0,0,0,0,1,0,1,1,0,0,0,91,9,0
C:\Users\leven\OneDrive\Desktop\qmood-picocli\versions\v4.6.3\src\main\java\picocli\CommandLine.java,picocli.CommandLine$InitializationException,innerclass,1,1,0,1,2,5,0,0,1,1.0,0.0,0.0,2,0,2,0,0,0,2,0,0,0,1,1,0,1,0,0,1,0,0,9,0,0,0,0,0,0,1,1,0,1,0,0,0,0,18,9,0
C:\Users\leven\OneDrive\Desktop\qmood-picocli\versions\v4.6.3\src\main\java\picocli\CommandLine.java,picocli.CommandLine$NoCompletionCandidates,innerclass,0,0,0,0,1,1,0,0,0,0.0,NaN,NaN,1,0,1,0,0,0,1,0,0,0,0,0,0,0,0,0,0,0,0,5,0,0,0,0,0,0,0,0,0,0,0,0,0,0,7,10,0
C:\Users\leven\OneDrive\Desktop\qmood-picocli\versions\v4.6.3\src\main\java\picocli\CommandLine.java,picocli.CommandLine$Model$UnmatchedArgsBinding,innerclass,5,5,0,5,18,1,0,10,0,0.42857146,0.0,0.0,7,2,4,1,0,2,6,0,0,0,3,0,0,3,0,0,2,0,6,72,5,0,5,4,2,6,0,8,0,6,3,0,0,0,73,9,2
C:\Users\leven\OneDrive\Desktop\qmood-picocli\versions\v4.6.3\src\main\java\picocli\CommandLine.java,picocli.CommandLine$Help$Column$Overflow,enum,0,0,0,0,0,1,0,0,0,0.0,-1.0,-1.0,0,0,0,0,0,0,0,0,0,0,0,0,0,0,0,0,0,0,0,1,0,0,0,0,0,0,0,0,0,0,0,0,0,0,24,1,0
C:\Users\leven\OneDrive\Desktop\qmood-picocli\versions\v4.6.3\src\main\java\picocli\CommandLine.java,picocli.CommandLine$Model$UsageMessageSpec$Anonymous20,anonymous,1,1,0,1,1,1,0,1,0,0.0,NaN,NaN,1,0,1,0,0,0,1,0,0,0,0,0,0,0,0,0,0,0,0,5,1,0,0,0,0,0,0,0,0,0,0,0,0,0,3,-1,0
C:\Users\leven\OneDrive\Desktop\qmood-picocli\versions\v4.6.3\src\main\java\picocli\CommandLine.java,picocli.CommandLine$ParameterIndexGapException,innerclass,1,1,0,1,1,6,0,0,0,1.0,NaN,NaN,1,0,1,0,0,0,1,0,0,0,1,1,0,1,0,0,1,0,0,6,0,0,0,0,0,0,1,1,0,1,0,0,0,0,27,9,0
C:\Users\leven\OneDrive\Desktop\qmood-picocli\versions\v4.6.3\src\main\java\picocli\CommandLine.java,picocli.CommandLine$Model$ArgGroupSpec,innerclass,31,31,0,31,120,1,0,105,748,0.8947368,0.0,0.0,49,3,30,8,0,11,41,0,0,0,19,3,0,18,0,1,16,0,36,535,58,20,14,3,9,54,29,82,28,57,3,0,1,0,290,9,10
C:\Users\leven\OneDrive\Desktop\qmood-picocli\versions\v4.6.3\src\main\java\picocli\CommandLine.java,picocli.CommandLine$Model$UsageMessageSpec$Anonymous22,anonymous,1,1,0,1,1,1,0,1,0,0.0,NaN,NaN,1,0,1,0,0,0,1,0,0,0,0,0,0,0,0,0,0,0,0,5,1,0,0,0,0,0,0,0,0,0,0,0,0,0,3,-1,0
C:\Users\leven\OneDrive\Desktop\qmood-picocli\versions\v4.6.3\src\main\java\picocli\CommandLine.java,picocli.CommandLine$Model$UsageMessageSpec$Anonymous21,anonymous,1,1,0,1,1,1,0,1,0,0.0,NaN,NaN,1,0,1,0,0,0,1,0,0,0,0,0,0,0,0,0,0,0,0,5,1,0,0,0,0,0,0,0,0,0,0,0,0,0,3,-1,0
C:\Users\leven\OneDrive\Desktop\qmood-picocli\versions\v4.6.3\src\main\java\picocli\CommandLine.java,picocli.CommandLine$RegexTransformer$Builder,innerclass,2,2,0,2,7,1,0,11,4,0.4,0.0,0.0,5,0,5,0,0,0,5,0,0,0,2,0,0,0,0,2,0,0,1,29,3,1,0,0,0,0,0,5,0,5,2,0,0,0,60,9,0
C:\Users\leven\OneDrive\Desktop\qmood-picocli\versions\v4.6.3\src\main\java\picocli\CommandLine.java,picocli.CommandLine$NoOpParameterPreprocessor,innerclass,4,4,0,4,3,1,0,1,3,0.0,0.0,0.0,3,0,3,0,0,0,3,0,0,0,0,0,0,0,0,0,0,0,0,11,3,0,0,0,0,0,1,0,1,0,0,0,0,0,16,10,0
C:\Users\leven\OneDrive\Desktop\qmood-picocli\versions\v4.6.3\src\main\java\picocli\CommandLine.java,picocli.CommandLine$Model$IExtensible,interface,1,1,0,1,1,1,0,0,0,0.0,NaN,NaN,1,0,0,0,0,1,1,0,0,0,0,0,0,0,0,0,0,0,0,3,0,0,0,0,0,0,0,0,0,0,0,0,0,0,42,1,0
C:\Users\leven\OneDrive\Desktop\qmood-picocli\versions\v4.6.3\src\main\java\picocli\CommandLine.java,picocli.CommandLine$Model$UsageMessageSpec$Anonymous15,anonymous,1,1,0,1,1,1,0,1,0,0.0,NaN,NaN,1,0,1,0,0,0,1,0,0,0,0,0,0,0,0,0,0,0,0,5,1,0,0,0,0,0,0,0,0,0,0,0,0,0,3,-1,0
C:\Users\leven\OneDrive\Desktop\qmood-picocli\versions\v4.6.3\src\main\java\picocli\CommandLine.java,picocli.CommandLine$Model$UsageMessageSpec$Anonymous14,anonymous,1,1,0,1,1,1,0,1,0,0.0,NaN,NaN,1,0,1,0,0,0,1,0,0,0,0,0,0,0,0,0,0,0,0,5,1,0,0,0,0,0,0,0,0,0,0,0,0,0,3,-1,0
C:\Users\leven\OneDrive\Desktop\qmood-picocli\versions\v4.6.3\src\main\java\picocli\CommandLine.java,picocli.CommandLine$Model$UsageMessageSpec$Anonymous17,anonymous,1,1,0,1,1,1,0,1,0,0.0,NaN,NaN,1,0,1,0,0,0,1,0,0,0,0,0,0,0,0,0,0,0,0,5,1,0,0,0,0,0,0,0,0,0,0,0,0,0,3,-1,0
C:\Users\leven\OneDrive\Desktop\qmood-picocli\versions\v4.6.3\src\main\java\picocli\CommandLine.java,picocli.CommandLine$Model$UsageMessageSpec$Anonymous16,anonymous,1,1,0,1,1,1,0,1,0,0.0,NaN,NaN,1,0,1,0,0,0,1,0,0,0,0,0,0,0,0,0,0,0,0,5,1,0,0,0,0,0,0,0,0,0,0,0,0,0,3,-1,0
C:\Users\leven\OneDrive\Desktop\qmood-picocli\versions\v4.6.3\src\main\java\picocli\CommandLine.java,picocli.CommandLine$Model$UsageMessageSpec$Anonymous19,anonymous,1,1,0,1,1,1,0,1,0,0.0,NaN,NaN,1,0,1,0,0,0,1,0,0,0,0,0,0,0,0,0,0,0,0,5,1,0,0,0,0,0,0,0,0,0,0,0,0,0,3,-1,0
C:\Users\leven\OneDrive\Desktop\qmood-picocli\versions\v4.6.3\src\main\java\picocli\CommandLine.java,picocli.CommandLine$Model$UsageMessageSpec$Anonymous18,anonymous,1,1,0,1,1,1,0,1,0,0.0,NaN,NaN,1,0,1,0,0,0,1,0,0,0,0,0,0,0,0,0,0,0,0,5,1,0,0,0,0,0,0,0,0,0,0,0,0,0,3,-1,0
C:\Users\leven\OneDrive\Desktop\qmood-picocli\versions\v4.6.3\src\main\java\picocli\CommandLine.java,picocli.CommandLine$ParseResult$GroupValidationResult,innerclass,3,3,0,3,15,1,0,2,0,0.6071428,0.0,0.0,7,1,1,0,0,6,7,0,0,0,4,2,0,0,0,4,2,0,0,34,6,1,6,0,1,2,0,5,2,4,2,0,1,0,35,8,0
C:\Users\leven\OneDrive\Desktop\qmood-picocli\versions\v4.6.3\src\main\java\picocli\CommandLine.java,picocli.CommandLine$Model$UsageMessageSpec$Anonymous4,anonymous,3,3,0,3,8,1,0,22,0,0.0,NaN,NaN,1,0,1,0,0,0,1,0,0,0,0,0,0,0,0,0,0,0,9,36,0,1,2,1,3,11,1,13,1,10,2,0,0,0,36,-1,3
C:\Users\leven\OneDrive\Desktop\qmood-picocli\versions\v4.6.3\src\main\java\picocli\CommandLine.java,picocli.CommandLine$Model$UsageMessageSpec$Anonymous6,anonymous,1,1,0,1,1,1,0,1,0,0.0,NaN,NaN,1,0,1,0,0,0,1,0,0,0,0,0,0,0,0,0,0,0,0,5,1,0,0,0,0,0,0,0,0,0,0,0,0,0,3,-1,0
C:\Users\leven\OneDrive\Desktop\qmood-picocli\versions\v4.6.3\src\main\java\picocli\CommandLine.java,picocli.CommandLine$Model$ArgGroupSpec$Builder,innerclass,10,10,0,10,31,1,0,21,353,0.9053764,0.0,0.0,31,0,29,0,0,2,31,0,0,0,15,0,0,15,0,0,4,0,2,125,29,0,0,0,0,1,0,22,0,15,0,0,0,0,181,9,0
C:\Users\leven\OneDrive\Desktop\qmood-picocli\versions\v4.6.3\src\main\java\picocli\CommandLine.java,picocli.CommandLine$Model$UsageMessageSpec$Anonymous5,anonymous,1,1,0,1,1,1,0,1,0,0.0,NaN,NaN,1,0,1,0,0,0,1,0,0,0,0,0,0,0,0,0,0,0,0,5,1,0,0,0,0,0,0,0,0,0,0,0,0,0,3,-1,0
C:\Users\leven\OneDrive\Desktop\qmood-picocli\versions\v4.6.3\src\main\java\picocli\CommandLine.java,picocli.CommandLine$Help$TextTable$Count,innerclass,0,0,0,0,0,1,0,0,0,NaN,-1.0,-1.0,0,0,0,0,0,0,0,0,0,0,2,0,0,0,0,2,0,0,0,4,0,0,0,0,0,0,0,0,0,2,0,0,0,0,3,8,0
C:\Users\leven\OneDrive\Desktop\qmood-picocli\versions\v4.6.3\src\main\java\picocli\CommandLine.java,picocli.CommandLine$IDefaultValueProvider,interface,1,1,0,1,1,1,0,0,0,0.0,NaN,NaN,1,0,0,0,0,1,1,0,0,0,0,0,0,0,0,0,0,0,0,3,0,0,0,0,0,0,0,0,0,0,0,0,0,0,51,1,0
C:\Users\leven\OneDrive\Desktop\qmood-picocli\versions\v4.6.3\src\main\java\picocli\CommandLine.java,picocli.CommandLine$IHelpSectionRenderer,interface,1,1,0,1,1,1,0,0,0,0.0,NaN,NaN,1,0,0,0,0,1,1,0,0,0,0,0,0,0,0,0,0,0,0,3,0,0,0,0,0,0,0,0,0,0,0,0,0,0,69,1,0
C:\Users\leven\OneDrive\Desktop\qmood-picocli\versions\v4.6.3\src\main\java\picocli\CommandLine.java,picocli.CommandLine$Model$CommandReflection,innerclass,35,35,0,35,101,1,0,134,153,0.0,0.0,0.0,18,18,0,16,0,2,2,0,0,0,0,0,0,0,0,0,0,0,49,352,19,13,19,6,7,43,3,53,14,33,5,1,0,0,154,10,3
C:\Users\leven\OneDrive\Desktop\qmood-picocli\versions\v4.6.3\src\main\java\picocli\CommandLine.java,picocli.CommandLine$Model$UsageMessageSpec$Anonymous8,anonymous,1,1,0,1,1,1,0,2,0,0.0,NaN,NaN,1,0,1,0,0,0,1,0,0,0,0,0,0,0,0,0,0,0,0,5,1,0,0,0,0,0,0,0,0,0,0,0,0,0,3,-1,0
C:\Users\leven\OneDrive\Desktop\qmood-picocli\versions\v4.6.3\src\main\java\picocli\CommandLine.java,picocli.CommandLine$Model$UsageMessageSpec,innerclass,14,14,0,14,201,1,0,109,2660,0.954561,0.0,0.0,81,6,64,12,0,5,69,0,0,0,72,38,19,38,0,15,39,0,85,766,83,2,46,4,30,63,20,173,9,91,3,19,0,0,482,9,4
C:\Users\leven\OneDrive\Desktop\qmood-picocli\versions\v4.6.3\src\main\java\picocli\CommandLine.java,picocli.CommandLine$Model$UsageMessageSpec$Anonymous7,anonymous,1,1,0,1,1,1,0,1,0,0.0,NaN,NaN,1,0,1,0,0,0,1,0,0,0,0,0,0,0,0,0,0,0,0,5,1,0,0,0,0,0,0,0,0,0,0,0,0,0,3,-1,0
C:\Users\leven\OneDrive\Desktop\qmood-picocli\versions\v4.6.3\src\main\java\picocli\CommandLine.java,picocli.CommandLine$Model$UsageMessageSpec$Anonymous9,anonymous,1,1,0,1,1,1,0,1,0,0.0,NaN,NaN,1,0,1,0,0,0,1,0,0,0,0,0,0,0,0,0,0,0,0,5,1,0,0,0,0,0,0,0,0,0,0,0,0,0,3,-1,0
C:\Users\leven\OneDrive\Desktop\qmood-picocli\versions\v4.6.3\src\main\java\picocli\CommandLine.java,picocli.CommandLine$IParseResultHandler2,interface,2,2,0,2,1,1,0,0,0,0.0,NaN,NaN,1,0,0,0,0,1,1,0,0,0,0,0,0,0,0,0,0,0,0,3,0,0,0,0,0,0,0,0,0,0,0,0,0,0,100,1,0
C:\Users\leven\OneDrive\Desktop\qmood-picocli\versions\v4.6.3\src\main\java\picocli\CommandLine.java,picocli.CommandLine$NullParameterConsumer,innerclass,3,3,0,3,1,1,0,0,0,0.0,NaN,NaN,1,0,1,0,0,0,1,0,0,0,0,0,0,0,0,0,0,0,0,5,0,0,0,0,0,0,0,0,0,0,0,0,0,0,13,10,0
C:\Users\leven\OneDrive\Desktop\qmood-picocli\versions\v4.6.3\src\main\java\picocli\CommandLine.java,picocli.CommandLine$ExitCode,innerclass,0,0,0,0,1,1,0,0,0,1.0,-1.0,-1.0,1,0,0,1,0,0,0,0,0,0,3,3,3,0,0,0,3,0,0,7,0,0,0,0,0,0,3,3,0,3,0,0,0,0,148,25,0
C:\Users\leven\OneDrive\Desktop\qmood-picocli\versions\v4.6.3\src\main\java\picocli\CommandLine.java,picocli.CommandLine$IFactory,interface,1,1,0,1,1,1,0,0,0,0.0,NaN,NaN,1,0,0,0,0,1,1,0,0,0,0,0,0,0,0,0,0,0,0,3,0,0,0,0,0,0,0,0,0,0,0,0,0,0,109,1,0
C:\Users\leven\OneDrive\Desktop\qmood-picocli\versions\v4.6.3\src\main\java\picocli\CommandLine.java,picocli.CommandLine,class,64,117,53,64,352,76,0,321,16951,0.95494515,0.0,0.0,195,69,153,31,0,11,164,0,0,0,15,3,3,12,0,0,6,0,111,13029,188,55,40,11,13,124,51,112,28,77,3,3,70,0,2476,1,2
C:\Users\leven\OneDrive\Desktop\qmood-picocli\versions\v4.6.3\src\main\java\picocli\CommandLine.java,picocli.CommandLine$Interpreter$Anonymous29,anonymous,2,2,0,2,3,1,0,3,0,0.0,NaN,NaN,1,0,1,0,0,0,1,0,0,0,0,0,0,0,0,0,0,0,0,10,0,0,1,0,0,1,0,1,0,0,2,0,0,0,9,-1,1
C:\Users\leven\OneDrive\Desktop\qmood-picocli\versions\v4.6.3\src\main\java\picocli\CommandLine.java,picocli.CommandLine$Model$TypedMember,innerclass,30,30,0,30,82,1,0,77,592,0.84669,0.0,0.0,41,6,28,6,0,7,35,0,0,0,7,0,0,4,0,3,4,0,24,252,42,0,17,1,10,24,17,45,5,19,2,0,0,0,105,8,0
C:\Users\leven\OneDrive\Desktop\qmood-picocli\versions\v4.6.3\src\main\java\picocli\CommandLine.java,picocli.CommandLine$DuplicateOptionAnnotationsException,innerclass,3,3,0,3,2,7,0,1,1,1.0,NaN,NaN,2,1,1,1,0,0,1,0,0,0,1,1,0,1,0,0,1,0,0,9,1,0,0,0,0,3,1,1,1,1,0,0,0,0,34,9,0
C:\Users\leven\OneDrive\Desktop\qmood-picocli\versions\v4.6.3\src\main\java\picocli\CommandLine.java,picocli.CommandLine$Interpreter$Anonymous31,anonymous,4,4,0,4,13,1,0,11,0,0.0,NaN,NaN,1,0,1,0,0,0,1,0,0,0,0,0,0,0,0,0,0,0,2,29,2,2,0,1,4,4,0,6,0,6,4,0,0,0,24,-1,0
C:\Users\leven\OneDrive\Desktop\qmood-picocli\versions\v4.6.3\src\main\java\picocli\CommandLine.java,picocli.CommandLine$Interpreter$Anonymous30,anonymous,2,2,0,2,2,1,0,3,0,0.0,NaN,NaN,1,0,1,0,0,0,1,0,0,0,0,0,0,0,0,0,0,0,2,5,1,0,1,0,0,0,0,0,0,0,0,0,0,0,10,-1,0
C:\Users\leven\OneDrive\Desktop\qmood-picocli\versions\v4.6.3\src\main\java\picocli\CommandLine.java,picocli.CommandLine$Tracer,innerclass,1,1,0,1,6,1,0,4,9,0.75,0.0,0.0,6,0,0,0,0,6,6,0,0,0,2,0,0,0,0,2,0,0,2,22,3,0,0,0,0,1,0,2,0,2,0,0,0,0,15,8,0
C:\Users\leven\OneDrive\Desktop\qmood-picocli\versions\v4.6.3\src\main\java\picocli\CommandLine.java,picocli.CommandLine$ITypeConverter,interface,1,1,0,1,1,1,0,0,0,0.0,NaN,NaN,1,0,0,0,0,1,1,0,0,0,0,0,0,0,0,0,0,0,0,3,0,0,0,0,0,0,0,0,0,0,0,0,0,0,110,1,0
C:\Users\leven\OneDrive\Desktop\qmood-picocli\versions\v4.6.3\src\main\java\picocli\AutoComplete.java,picocli.AutoComplete,class,23,27,4,23,154,1,0,128,739,0.98168504,0.0,0.0,39,38,4,35,0,0,4,0,0,0,7,7,5,2,0,0,7,0,119,635,37,28,31,2,7,272,35,93,22,82,6,2,8,0,434,1,0
C:\Users\leven\OneDrive\Desktop\qmood-picocli\versions\v4.6.3\src\main\java\picocli\CommandLine.java,picocli.CommandLine$IHelpCommandInitializable2,interface,2,2,0,2,1,1,0,0,0,0.0,NaN,NaN,1,0,0,0,0,1,1,0,0,0,0,0,0,0,0,0,0,0,0,3,0,0,0,0,0,0,0,0,0,0,0,0,0,0,94,1,0
C:\Users\leven\OneDrive\Desktop\qmood-picocli\versions\v4.6.3\src\main\java\picocli\CommandLine.java,picocli.CommandLine$ColoredStackTraceWriter,innerclass,3,3,0,3,3,3,0,7,0,0.0,0.0,0.0,2,0,2,0,0,0,2,0,0,0,1,0,0,0,0,1,0,0,0,10,0,0,0,0,0,1,0,2,0,2,0,0,0,0,22,8,0
C:\Users\leven\OneDrive\Desktop\qmood-picocli\versions\v4.6.3\src\main\java\picocli\CommandLine.java,picocli.CommandLine$BuiltIn$ByteConverter,innerclass,3,3,0,3,2,1,0,2,0,0.0,NaN,NaN,1,0,1,0,0,0,1,0,0,0,0,0,0,0,0,0,0,0,2,10,1,0,0,1,0,0,0,0,0,0,1,0,0,0,13,8,0
C:\Users\leven\OneDrive\Desktop\qmood-picocli\versions\v4.6.3\src\main\java\picocli\CommandLine.java,picocli.CommandLine$BuiltIn$URIConverter,innerclass,1,1,0,1,1,1,0,0,0,0.0,NaN,NaN,1,0,1,0,0,0,1,0,0,0,0,0,0,0,0,0,0,0,0,5,1,0,0,0,0,0,0,0,0,0,0,0,0,0,8,8,0
C:\Users\leven\OneDrive\Desktop\qmood-picocli\versions\v4.6.3\src\main\java\picocli\CommandLine.java,picocli.CommandLine$AbstractParseResultHandler,innerclass,9,9,0,9,22,2,0,15,10,0.0,0.0,0.0,5,0,2,1,2,0,4,1,0,0,0,0,0,0,0,0,0,0,3,48,6,2,3,1,5,0,8,10,0,7,4,0,0,0,132,1033,0
C:\Users\leven\OneDrive\Desktop\qmood-picocli\versions\v4.6.3\src\main\java\picocli\CommandLine.java,picocli.CommandLine$IExceptionHandler,interface,2,2,0,2,1,1,0,0,0,0.0,NaN,NaN,1,0,0,0,0,1,1,0,0,0,0,0,0,0,0,0,0,0,0,3,0,0,0,0,0,0,0,0,0,0,0,0,0,0,80,1,0
C:\Users\leven\OneDrive\Desktop\qmood-picocli\versions\v4.6.3\src\main\java\picocli\CommandLine.java,picocli.CommandLine$IHelpFactory,interface,3,3,0,3,1,1,0,0,0,0.0,NaN,NaN,1,0,0,0,0,1,1,0,0,0,0,0,0,0,0,0,0,0,0,3,0,0,0,0,0,0,0,0,0,0,0,0,0,0,26,1,0
C:\Users\leven\OneDrive\Desktop\qmood-picocli\versions\v4.6.3\src\main\java\picocli\CommandLine.java,picocli.CommandLine$BuiltIn$ReflectionConverter,innerclass,3,3,0,3,5,1,0,6,0,0.0,0.0,0.0,2,0,2,0,0,0,2,0,0,0,2,0,0,2,0,0,2,0,4,24,2,0,0,1,0,4,2,2,0,2,2,0,0,0,18,8,0
C:\Users\leven\OneDrive\Desktop\qmood-picocli\versions\v4.6.3\src\main\java\picocli\CommandLine.java,picocli.CommandLine$BuiltIn$ISO8601DateConverter,innerclass,2,2,0,2,2,1,0,1,0,0.0,NaN,NaN,1,0,1,0,0,0,1,0,0,0,0,0,0,0,0,0,0,0,0,10,1,0,0,1,0,3,0,0,1,0,1,0,0,0,28,8,0
C:\Users\leven\OneDrive\Desktop\qmood-picocli\versions\v4.6.3\src\main\java\picocli\CommandLine.java,picocli.CommandLine$Model$Messages,innerclass,4,4,0,4,36,1,0,25,0,0.6029412,0.0,0.0,17,8,12,4,0,1,13,0,0,0,4,0,0,4,0,0,4,0,8,103,21,2,8,1,0,10,3,11,4,11,2,0,0,0,190,9,1
C:\Users\leven\OneDrive\Desktop\qmood-picocli\versions\v4.6.3\src\main\java\picocli\CommandLine.java,picocli.CommandLine$Help$Ansi$Style,enum,3,3,0,3,19,1,0,13,24,0.75,0.0,0.0,8,5,7,0,0,1,8,0,0,0,2,0,0,2,0,0,2,0,7,71,11,3,0,4,0,7,51,12,4,9,2,0,0,0,110,1,0
C:\Users\leven\OneDrive\Desktop\qmood-picocli\versions\v4.6.3\src\main\java\picocli\CommandLine.java,picocli.CommandLine$Model$Predicate,interface,1,1,0,1,1,1,0,0,0,0.0,NaN,NaN,1,0,0,0,0,1,1,0,0,0,0,0,0,0,0,0,0,0,0,3,0,0,0,0,0,0,0,0,0,0,0,0,0,0,3,2,0
C:\Users\leven\OneDrive\Desktop\qmood-picocli\versions\v4.6.3\src\main\java\picocli\CommandLine.java,picocli.CommandLine$Help$Ansi,enum,5,5,0,5,44,1,0,31,169,0.9473684,0.0,0.0,19,15,5,0,0,14,19,0,9,0,2,2,0,0,0,2,0,0,41,435,30,0,12,2,2,34,1,9,0,9,2,0,5,0,167,1,0
C:\Users\leven\OneDrive\Desktop\qmood-picocli\versions\v4.6.3\src\main\java\picocli\CommandLine.java,picocli.CommandLine$AbstractHandler,innerclass,8,8,0,8,17,1,0,11,47,0.75,0.0,0.0,14,0,10,0,4,0,14,1,0,0,4,0,0,4,0,0,0,0,6,58,12,0,1,0,0,3,0,7,0,4,1,0,0,0,157,1033,0
C:\Users\leven\OneDrive\Desktop\qmood-picocli\versions\v4.6.3\src\main\java\picocli\CommandLine.java,picocli.CommandLine$Help$ColorScheme$Anonymous33,anonymous,0,0,0,0,2,1,0,0,1,0.0,0.0,0.0,2,0,2,0,0,0,2,0,0,0,0,0,0,0,0,0,0,0,0,8,2,0,0,0,0,2,0,0,0,0,0,0,0,0,2,-1,0
C:\Users\leven\OneDrive\Desktop\qmood-picocli\versions\v4.6.3\src\main\java\picocli\CommandLine.java,picocli.CommandLine$BuiltIn$InetAddressConverter,innerclass,1,1,0,1,1,1,0,1,0,0.0,NaN,NaN,1,0,1,0,0,0,1,0,0,0,0,0,0,0,0,0,0,0,1,5,1,0,0,0,0,0,0,0,0,0,0,0,0,0,12,8,0
C:\Users\leven\OneDrive\Desktop\qmood-picocli\versions\v4.6.3\src\main\java\picocli\CommandLine.java,picocli.CommandLine$PositionalParametersSorter,innerclass,4,4,0,4,4,1,0,5,1,0.5,NaN,NaN,2,0,1,1,0,0,1,0,0,0,1,1,0,1,0,0,1,0,0,10,2,0,1,0,2,1,3,2,0,2,0,0,0,0,22,8,0
C:\Users\leven\OneDrive\Desktop\qmood-picocli\versions\v4.6.3\src\main\java\picocli\CommandLine.java,picocli.CommandLine$PropertiesDefaultProvider,innerclass,8,8,0,8,32,1,0,33,39,0.6818182,0.0,0.0,11,3,5,6,0,0,5,0,0,0,2,0,0,2,0,0,0,0,8,98,13,2,12,1,0,17,1,21,4,15,2,0,0,0,151,9,3
C:\Users\leven\OneDrive\Desktop\qmood-picocli\versions\v4.6.3\src\main\java\picocli\AutoComplete.java,picocli.AutoComplete$Bashify,innerclass,2,2,0,2,1,1,0,1,0,0.0,NaN,NaN,1,0,1,0,0,0,1,0,0,0,0,0,0,0,0,0,0,0,1,5,1,0,0,0,0,0,0,0,0,0,0,0,0,0,17,10,0
C:\Users\leven\OneDrive\Desktop\qmood-picocli\versions\v4.6.3\src\main\java\picocli\CommandLine.java,picocli.CommandLine$MissingParameterException,innerclass,4,4,0,4,4,6,0,4,0,0.5,0.0,0.0,4,1,3,1,0,0,3,0,0,0,2,1,0,2,0,0,2,0,4,19,2,0,0,0,0,5,1,4,1,4,0,0,0,0,28,9,0
C:\Users\leven\OneDrive\Desktop\qmood-picocli\versions\v4.6.3\src\main\java\picocli\CommandLine.java,picocli.CommandLine$ParameterException,innerclass,5,5,0,5,12,5,0,6,0,0.65625,0.0,0.0,8,1,7,1,0,0,7,0,0,0,4,1,0,4,0,0,2,0,5,45,4,0,4,0,0,11,1,12,1,5,1,0,0,0,66,9,0
C:\Users\leven\OneDrive\Desktop\qmood-picocli\versions\v4.6.3\src\main\java\picocli\CommandLine.java,picocli.CommandLine$ScopeType,enum,0,0,0,0,0,1,0,0,0,0.0,-1.0,-1.0,0,0,0,0,0,0,0,0,0,0,0,0,0,0,0,0,0,0,0,3,0,0,0,0,0,0,0,0,0,0,0,0,0,0,27,1,0
C:\Users\leven\OneDrive\Desktop\qmood-picocli\versions\v4.6.3\src\main\java\picocli\CommandLine.java,picocli.CommandLine$BuiltIn$BigDecimalConverter,innerclass,1,1,0,1,1,1,0,0,0,0.0,NaN,NaN,1,0,1,0,0,0,1,0,0,0,0,0,0,0,0,0,0,0,0,5,1,0,0,0,0,0,0,0,0,0,0,0,0,0,5,8,0
C:\Users\leven\OneDrive\Desktop\qmood-picocli\versions\v4.6.3\src\main\java\picocli\CommandLine.java,picocli.CommandLine$BuiltIn$StringBuilderConverter,innerclass,1,1,0,1,1,1,0,0,0,0.0,NaN,NaN,1,0,1,0,0,0,1,0,0,0,0,0,0,0,0,0,0,0,0,5,1,0,0,0,0,0,0,0,0,0,0,0,0,0,5,8,0
C:\Users\leven\OneDrive\Desktop\qmood-picocli\versions\v4.6.3\src\main\java\picocli\CommandLine.java,picocli.CommandLine$Model$CommandSpec,innerclass,50,50,0,50,381,1,0,320,10413,0.95720524,0.0,0.0,159,12,100,21,1,37,138,0,0,0,46,5,1,41,0,4,23,0,98,1200,128,52,83,4,13,71,31,200,20,122,5,0,0,0,529,9,15
C:\Users\leven\OneDrive\Desktop\qmood-picocli\versions\v4.6.3\src\main\java\picocli\CommandLine.java,picocli.CommandLine$BuiltIn$URLConverter,innerclass,1,1,0,1,1,1,0,0,0,0.0,NaN,NaN,1,0,1,0,0,0,1,0,0,0,0,0,0,0,0,0,0,0,0,5,1,0,0,0,0,0,0,0,0,0,0,0,0,0,8,8,0
C:\Users\leven\OneDrive\Desktop\qmood-picocli\versions\v4.6.3\src\main\java\picocli\CommandLine.java,picocli.CommandLine$AbbreviationMatcher,innerclass,5,5,0,5,42,1,0,40,21,0.0,0.0,0.0,7,7,2,5,0,0,2,0,0,0,0,0,0,0,0,0,0,0,18,152,17,7,3,0,2,8,16,31,5,23,3,0,1,0,62,8,0
C:\Users\leven\OneDrive\Desktop\qmood-picocli\versions\v4.6.3\src\main\java\picocli\CommandLine.java,picocli.CommandLine$IParameterPreprocessor,interface,2,2,0,2,1,1,0,0,0,0.0,NaN,NaN,1,0,0,0,0,1,1,0,0,0,0,0,0,0,0,0,0,0,0,3,0,0,0,0,0,0,0,0,0,0,0,0,0,0,221,1,0
C:\Users\leven\OneDrive\Desktop\qmood-picocli\versions\v4.6.3\src\main\java\picocli\CommandLine.java,picocli.CommandLine$Model$OptionSpec,innerclass,11,11,0,11,33,3,0,26,86,0.81428564,0.0,0.0,21,4,18,1,2,0,20,0,0,0,10,2,1,8,0,1,10,0,17,197,22,1,9,0,1,7,15,15,17,13,1,0,1,0,255,9,0
C:\Users\leven\OneDrive\Desktop\qmood-picocli\versions\v4.6.3\src\main\java\picocli\CommandLine.java,picocli.CommandLine$BuiltIn$ClassConverter,innerclass,1,1,0,1,1,1,0,1,0,0.0,NaN,NaN,1,0,1,0,0,0,1,0,0,0,0,0,0,0,0,0,0,0,1,5,1,0,0,0,0,0,0,0,0,0,0,0,0,0,5,8,0
C:\Users\leven\OneDrive\Desktop\qmood-picocli\versions\v4.6.3\src\main\java\picocli\CommandLine.java,picocli.CommandLine$IExitCodeGenerator,interface,0,0,0,0,1,1,0,0,0,0.0,NaN,NaN,1,0,0,0,0,1,1,0,0,0,0,0,0,0,0,0,0,0,0,3,0,0,0,0,0,0,0,0,0,0,0,0,0,0,38,1,0
C:\Users\leven\OneDrive\Desktop\qmood-picocli\versions\v4.6.3\src\main\java\picocli\CommandLine.java,picocli.CommandLine$Help$Visibility,enum,0,0,0,0,0,1,0,0,0,0.0,-1.0,-1.0,0,0,0,0,0,0,0,0,0,0,0,0,0,0,0,0,0,0,0,1,0,0,0,0,0,0,0,0,0,0,0,0,0,0,17,1,0
C:\Users\leven\OneDrive\Desktop\qmood-picocli\versions\v4.6.3\src\main\java\picocli\CommandLine.java,picocli.CommandLine$Model$ObjectBinding,innerclass,3,3,0,3,3,1,0,3,0,0.0,0.0,0.0,3,0,3,0,0,0,3,0,0,0,1,0,0,1,0,0,0,0,1,14,3,0,0,0,0,2,0,2,0,2,0,0,0,0,11,10,0
C:\Users\leven\OneDrive\Desktop\qmood-picocli\versions\v4.6.3\src\main\java\picocli\AutoComplete.java,picocli.AutoComplete$GenerateCompletion,innerclass,5,5,0,5,1,1,0,8,0,0.0,NaN,NaN,1,0,1,0,0,0,1,0,0,0,1,0,0,0,0,1,0,0,1,9,0,0,0,0,0,8,0,1,1,2,0,0,0,0,62,9,0
C:\Users\leven\OneDrive\Desktop\qmood-picocli\versions\v4.6.3\src\main\java\picocli\AutoComplete.java,picocli.AutoComplete$App,innerclass,9,9,0,9,13,1,0,17,1,0.5,NaN,NaN,2,0,1,1,0,0,1,0,0,0,7,0,0,0,0,7,0,0,4,48,5,0,4,0,0,51,0,11,8,13,2,0,0,0,123,10,0
C:\Users\leven\OneDrive\Desktop\qmood-picocli\versions\v4.6.3\src\main\java\picocli\CommandLine.java,picocli.CommandLine$IHelpCommandInitializable,interface,2,2,0,2,1,1,0,0,0,0.0,NaN,NaN,1,0,0,0,0,1,1,0,0,0,0,0,0,0,0,0,0,0,0,3,0,0,0,0,0,0,0,0,0,0,0,0,0,0,97,1,0
C:\Users\leven\OneDrive\Desktop\qmood-picocli\versions\v4.6.3\src\main\java\picocli\CommandLine.java,picocli.CommandLine$UnmatchedArgumentException,innerclass,7,7,0,7,35,6,0,42,100,0.84375,0.0,0.0,16,7,11,3,0,2,13,0,0,0,2,1,0,2,0,0,1,0,19,106,16,3,6,0,3,23,18,23,7,17,3,0,0,0,99,9,0
C:\Users\leven\OneDrive\Desktop\qmood-picocli\versions\v4.6.3\src\main\java\picocli\AutoComplete.java,picocli.AutoComplete$Function,interface,2,2,0,2,1,1,0,0,0,0.0,NaN,NaN,1,0,0,0,0,1,1,0,0,0,0,0,0,0,0,0,0,0,0,3,0,0,0,0,0,0,0,0,0,0,0,0,0,0,4,2,0
C:\Users\leven\OneDrive\Desktop\qmood-picocli\versions\v4.6.3\src\main\java\picocli\CommandLine.java,picocli.CommandLine$NoDefaultProvider,innerclass,2,2,0,2,1,1,0,0,0,0.0,NaN,NaN,1,0,1,0,0,0,1,0,0,0,0,0,0,0,0,0,0,0,0,5,0,0,0,0,0,0,0,0,0,0,0,0,0,0,12,10,0
C:\Users\leven\OneDrive\Desktop\qmood-picocli\versions\v4.6.3\src\main\java\picocli\CommandLine.java,picocli.CommandLine$Interpreter,innerclass,69,69,0,69,499,1,0,367,1895,0.899061,0.0,0.0,71,0,0,63,0,8,8,0,0,0,6,0,0,6,0,0,1,0,168,1642,84,39,70,29,24,271,142,300,57,201,5,3,0,0,438,2,59
C:\Users\leven\OneDrive\Desktop\qmood-picocli\versions\v4.6.3\src\main\java\picocli\CommandLine.java,picocli.CommandLine$MaxValuesExceededException,innerclass,2,2,0,2,1,6,0,0,0,1.0,NaN,NaN,1,0,1,0,0,0,1,0,0,0,1,1,0,1,0,0,1,0,0,6,0,0,0,0,0,0,1,1,0,1,0,0,0,0,28,9,0
C:\Users\leven\OneDrive\Desktop\qmood-picocli\versions\v4.6.3\src\main\java\picocli\CommandLine.java,picocli.CommandLine$BuiltIn$CurrencyConverter,innerclass,1,1,0,1,1,1,0,1,0,0.0,NaN,NaN,1,0,1,0,0,0,1,0,0,0,0,0,0,0,0,0,0,0,1,5,1,0,0,0,0,0,0,0,0,0,0,0,0,0,5,8,0
C:\Users\leven\OneDrive\Desktop\qmood-picocli\versions\v4.6.3\src\main\java\picocli\AutoComplete.java,picocli.AutoComplete$Anonymous2,anonymous,2,2,0,2,1,1,0,1,0,0.0,NaN,NaN,1,0,1,0,0,0,1,0,0,0,0,0,0,0,0,0,0,0,0,5,1,0,0,0,0,0,0,0,0,0,0,0,0,0,3,-1,0
C:\Users\leven\OneDrive\Desktop\qmood-picocli\versions\v4.6.3\src\main\java\picocli\AutoComplete.java,picocli.AutoComplete$Anonymous1,anonymous,2,2,0,2,1,1,0,3,0,0.0,NaN,NaN,1,0,1,0,0,0,1,0,0,0,0,0,0,0,0,0,0,0,0,7,1,0,0,0,0,0,0,0,0,0,0,0,0,0,19,-1,0
C:\Users\leven\OneDrive\Desktop\qmood-picocli\versions\v4.6.3\src\main\java\picocli\CommandLine.java,picocli.CommandLine$ParseResult$GroupMatchContainer,innerclass,14,14,0,14,91,1,0,78,0,0.7,0.0,0.0,24,0,3,7,0,14,17,0,0,0,5,0,0,5,0,0,3,0,7,264,25,16,20,0,0,20,14,49,7,38,3,1,0,0,181,9,2
C:\Users\leven\OneDrive\Desktop\qmood-picocli\versions\v4.6.3\src\main\java\picocli\CommandLine.java,picocli.CommandLine$Help$IParameterRenderer,interface,4,4,0,4,1,1,0,0,0,0.0,NaN,NaN,1,0,0,0,0,1,1,0,0,0,0,0,0,0,0,0,0,0,0,3,0,0,0,0,0,0,0,0,0,0,0,0,0,0,62,1,0
C:\Users\leven\OneDrive\Desktop\qmood-picocli\versions\v4.6.3\src\main\java\picocli\CommandLine.java,picocli.CommandLine$Help$SortByOptionArityAndNameAlphabetically,innerclass,4,4,0,4,8,2,0,3,0,0.0,NaN,NaN,1,0,1,0,0,0,1,0,0,0,0,0,0,0,0,0,0,0,0,19,1,0,3,0,0,0,5,6,2,3,2,0,0,0,25,8,0
C:\Users\leven\OneDrive\Desktop\qmood-picocli\versions\v4.6.3\src\main\java\picocli\CommandLine.java,picocli.CommandLine$Help$SortByOrder,innerclass,2,2,0,2,1,1,0,2,0,0.0,NaN,NaN,1,0,1,0,0,0,1,0,0,0,0,0,0,0,0,0,0,0,1,5,1,0,0,0,0,0,0,0,1,0,0,0,0,0,5,8,0
C:\Users\leven\OneDrive\Desktop\qmood-picocli\versions\v4.6.3\src\main\java\picocli\AutoComplete.java,picocli.AutoComplete$Predicate,interface,1,1,0,1,1,1,0,0,0,0.0,NaN,NaN,1,0,0,0,0,1,1,0,0,0,0,0,0,0,0,0,0,0,0,3,0,0,0,0,0,0,0,0,0,0,0,0,0,0,3,2,0
C:\Users\leven\OneDrive\Desktop\qmood-picocli\versions\v4.6.3\src\main\java\picocli\CommandLine.java,picocli.CommandLine$Model$CaseAwareLinkedMap$CaseAwareKeySet,innerclass,2,2,0,2,3,3,0,4,3,0.0,0.0,0.0,3,0,3,0,0,0,3,0,0,0,0,0,0,0,0,0,0,0,0,11,3,0,0,0,0,0,0,0,0,0,0,0,0,0,9,0,0
C:\Users\leven\OneDrive\Desktop\qmood-picocli\versions\v4.6.3\src\main\java\picocli\CommandLine.java,picocli.CommandLine$BuiltIn$NetworkInterfaceConverter,innerclass,3,3,0,3,3,1,0,3,0,0.0,NaN,NaN,1,0,1,0,0,0,1,0,0,0,0,0,0,0,0,0,0,0,2,16,2,0,0,2,0,2,0,1,1,1,2,0,0,0,17,8,0
C:\Users\leven\OneDrive\Desktop\qmood-picocli\versions\v4.6.3\src\main\java\picocli\CommandLine.java,picocli.CommandLine$IVersionProvider,interface,0,0,0,0,1,1,0,0,0,0.0,NaN,NaN,1,0,0,0,0,1,1,0,0,0,0,0,0,0,0,0,0,0,0,3,0,0,0,0,0,0,0,0,0,0,0,0,0,0,34,1,0
C:\Users\leven\OneDrive\Desktop\qmood-picocli\versions\v4.6.3\src\main\java\picocli\CommandLine.java,picocli.CommandLine$BuiltIn$BooleanConverter,innerclass,2,2,0,2,3,1,0,2,0,0.0,NaN,NaN,1,0,1,0,0,0,1,0,0,0,0,0,0,0,0,0,0,0,1,10,1,0,0,0,0,4,0,0,1,0,1,0,0,0,17,8,0
C:\Users\leven\OneDrive\Desktop\qmood-picocli\versions\v4.6.3\src\main\java\picocli\CommandLine.java,picocli.CommandLine$BuiltIn$ISO8601TimeConverter,innerclass,5,5,0,5,9,1,0,7,1,0.33333334,0.0,0.0,3,0,1,1,0,1,2,0,0,0,1,0,0,1,0,0,1,0,1,35,5,0,0,3,0,9,3,1,2,1,3,0,0,0,40,8,0
C:\Users\leven\OneDrive\Desktop\qmood-picocli\versions\v4.6.3\src\main\java\picocli\CommandLine.java,picocli.CommandLine$BuiltIn$LongConverter,innerclass,3,3,0,3,2,1,0,2,0,0.0,NaN,NaN,1,0,1,0,0,0,1,0,0,0,0,0,0,0,0,0,0,0,2,10,1,0,0,1,0,0,0,0,0,0,1,0,0,0,13,8,0
C:\Users\leven\OneDrive\Desktop\qmood-picocli\versions\v4.6.3\src\main\java\picocli\CommandLine.java,picocli.CommandLine$Model$CaseAwareLinkedMap,innerclass,4,4,0,4,44,4,0,23,19,0.6526316,0.0,0.0,19,1,17,1,0,1,18,0,0,0,5,0,0,5,0,0,4,0,3,137,23,1,14,0,1,4,0,13,2,10,3,0,1,0,85,8,0
C:\Users\leven\OneDrive\Desktop\qmood-picocli\versions\v4.6.3\src\main\java\picocli\CommandLine.java,picocli.CommandLine$Model,innerclass,10,10,0,10,7,4,0,6,10,0.0,-1.0,-1.0,5,4,0,5,0,0,0,0,0,0,0,0,0,0,0,0,0,0,5,5654,4,0,2,0,0,2,0,0,0,0,0,0,30,0,728,25,0
C:\Users\leven\OneDrive\Desktop\qmood-picocli\versions\v4.6.3\src\main\java\picocli\CommandLine.java,picocli.CommandLine$BuiltIn$CharArrayConverter,innerclass,2,2,0,2,1,1,0,1,0,0.0,NaN,NaN,1,0,1,0,0,0,1,0,0,0,0,0,0,0,0,0,0,0,0,5,1,0,0,0,0,0,0,0,0,0,0,0,0,0,5,8,0
C:\Users\leven\OneDrive\Desktop\qmood-picocli\versions\v4.6.3\src\main\java\picocli\AutoComplete.java,picocli.AutoComplete$BooleanArgFilter,innerclass,2,2,0,2,3,1,0,1,0,0.0,NaN,NaN,1,0,1,0,0,0,1,0,0,0,0,0,0,0,0,0,0,0,0,5,1,0,2,0,0,0,0,0,0,0,0,0,0,0,6,10,0
C:\Users\leven\OneDrive\Desktop\qmood-picocli\versions\v4.6.3\src\main\java\picocli\CommandLine.java,picocli.CommandLine$TraceLevel,enum,3,3,0,3,9,1,0,8,6,0.0,0.0,0.0,4,1,1,2,0,1,2,0,0,0,0,0,0,0,0,0,0,0,2,15,3,0,1,0,0,3,0,0,1,0,1,0,0,0,33,2,0
C:\Users\leven\OneDrive\Desktop\qmood-picocli\versions\v4.6.3\src\main\java\picocli\CommandLine.java,picocli.CommandLine$Help$Column,innerclass,3,3,0,3,7,1,0,3,0,0.0,0.0,0.0,4,0,4,0,0,0,4,0,0,0,3,0,3,0,0,0,2,0,2,20,3,0,3,0,3,2,3,3,5,3,0,0,1,0,59,9,0
C:\Users\leven\OneDrive\Desktop\qmood-picocli\versions\v4.6.3\src\main\java\picocli\CommandLine.java,picocli.CommandLine$Help$DefaultParameterRenderer,innerclass,9,9,0,9,7,1,0,13,0,0.0,0.0,0.0,2,0,2,0,0,0,2,0,0,0,2,0,0,2,0,0,2,0,3,31,1,3,0,0,0,2,5,12,0,12,2,0,0,0,85,8,0
C:\Users\leven\OneDrive\Desktop\qmood-picocli\versions\v4.6.3\src\main\java\picocli\CommandLine.java,picocli.CommandLine$ExecutionException,innerclass,3,3,0,3,3,5,0,1,0,0.5,0.0,0.0,3,0,3,0,0,0,3,0,0,0,2,1,0,2,0,0,2,0,2,15,1,0,0,0,0,2,1,3,0,2,0,0,0,0,48,9,0
C:\Users\leven\OneDrive\Desktop\qmood-picocli\versions\v4.6.3\src\main\java\picocli\CommandLine.java,picocli.CommandLine$Model$ParserSpec,innerclass,3,3,0,3,53,1,0,9,890,0.9184782,0.0,0.0,48,0,43,2,0,3,46,0,0,0,23,2,0,21,0,2,2,0,8,222,46,0,2,0,1,14,0,69,1,25,1,0,0,0,149,9,0
C:\Users\leven\OneDrive\Desktop\qmood-picocli\versions\v4.6.3\src\main\java\picocli\CommandLine.java,picocli.CommandLine$Range,innerclass,8,8,0,8,101,1,0,45,278,0.7528958,0.0,0.0,37,15,22,8,0,7,29,0,0,0,7,0,3,4,0,0,7,0,37,235,55,0,24,1,16,34,42,29,22,22,2,0,0,0,184,9,0
C:\Users\leven\OneDrive\Desktop\qmood-picocli\versions\v4.6.3\src\main\java\picocli\CommandLine.java,picocli.CommandLine$Help$SortByShortestOptionNameAlphabetically,innerclass,3,3,0,3,6,1,0,6,0,0.0,NaN,NaN,1,0,1,0,0,0,1,0,0,0,0,0,0,0,0,0,0,0,4,17,3,0,4,0,0,0,7,6,0,5,1,0,0,0,37,8,0
C:\Users\leven\OneDrive\Desktop\qmood-picocli\versions\v4.6.3\src\main\java\picocli\CommandLine.java,picocli.CommandLine$DefaultFactory,innerclass,9,9,0,9,26,1,0,22,28,0.875,0.0,0.0,8,7,1,2,0,5,6,0,0,0,1,1,0,0,0,1,0,0,7,94,19,1,1,5,0,8,1,7,3,6,3,0,0,0,53,10,0
C:\Users\leven\OneDrive\Desktop\qmood-picocli\versions\v4.6.3\src\main\java\picocli\CommandLine.java,picocli.CommandLine$IParseResultHandler,interface,2,2,0,2,1,1,0,0,0,0.0,NaN,NaN,1,0,0,0,0,1,1,0,0,0,0,0,0,0,0,0,0,0,0,3,0,0,0,0,0,0,0,0,0,0,0,0,0,0,105,1,0
C:\Users\leven\OneDrive\Desktop\qmood-picocli\versions\v4.6.3\src\main\java\picocli\CommandLine.java,picocli.CommandLine$DefaultHelpFactory,innerclass,4,4,0,4,1,1,0,0,0,0.0,NaN,NaN,1,0,1,0,0,0,1,0,0,0,0,0,0,0,0,0,0,0,0,5,1,0,0,0,0,0,0,0,0,0,0,0,0,0,9,10,0
C:\Users\leven\OneDrive\Desktop\qmood-picocli\versions\v4.6.3\src\main\java\picocli\CommandLine.java,picocli.CommandLine$RunFirst,innerclass,9,9,0,9,7,3,0,11,10,0.0,0.0,0.0,5,0,2,0,3,0,5,0,0,0,0,0,0,0,0,0,0,0,6,23,7,0,0,0,0,0,1,0,0,0,1,0,0,0,121,9,0
C:\Users\leven\OneDrive\Desktop\qmood-picocli\versions\v4.6.3\src\main\java\picocli\CommandLine.java,picocli.CommandLine$BuiltIn$CharSequenceConverter,innerclass,1,1,0,1,1,1,0,0,0,0.0,NaN,NaN,1,0,1,0,0,0,1,0,0,0,0,0,0,0,0,0,0,0,0,5,1,0,0,0,0,0,0,0,0,0,0,0,0,0,5,8,0
C:\Users\leven\OneDrive\Desktop\qmood-picocli\versions\v4.6.3\src\main\java\picocli\CommandLine.java,picocli.CommandLine$PicocliException,innerclass,0,0,0,0,2,4,0,0,1,1.0,0.0,0.0,2,0,2,0,0,0,2,0,0,0,1,1,0,1,0,0,1,0,0,9,0,0,0,0,0,0,1,1,0,1,0,0,0,0,28,9,0
C:\Users\leven\OneDrive\Desktop\qmood-picocli\versions\v4.6.3\src\main\java\picocli\CommandLine.java,picocli.CommandLine$BuiltIn$UUIDConverter,innerclass,1,1,0,1,1,1,0,1,0,0.0,NaN,NaN,1,0,1,0,0,0,1,0,0,0,0,0,0,0,0,0,0,0,1,5,1,0,0,0,0,0,0,0,0,0,0,0,0,0,7,8,0
C:\Users\leven\OneDrive\Desktop\qmood-picocli\versions\v4.6.3\src\main\java\picocli\CommandLine.java,picocli.CommandLine$BuiltIn$TimeZoneConverter,innerclass,1,1,0,1,1,1,0,1,0,0.0,NaN,NaN,1,0,1,0,0,0,1,0,0,0,0,0,0,0,0,0,0,0,1,5,1,0,0,0,0,0,0,0,0,0,0,0,0,0,6,8,0
C:\Users\leven\OneDrive\Desktop\qmood-picocli\versions\v4.6.3\src\main\java\picocli\CommandLine.java,picocli.CommandLine$CosineSimilarity,innerclass,2,2,0,2,11,1,0,15,10,0.0,0.0,0.0,5,5,0,3,0,2,2,0,0,0,0,0,0,0,0,0,0,0,9,36,5,3,0,0,2,0,7,10,6,8,2,0,0,0,43,10,0
C:\Users\leven\OneDrive\Desktop\qmood-picocli\versions\v4.6.3\src\main\java\picocli\CommandLine.java,picocli.CommandLine$TypeConversionException,innerclass,1,1,0,1,1,5,0,0,0,1.0,NaN,NaN,1,0,1,0,0,0,1,0,0,0,1,1,0,1,0,0,1,0,0,6,0,0,0,0,0,0,1,1,0,1,0,0,0,0,23,9,0
C:\Users\leven\OneDrive\Desktop\qmood-picocli\versions\v4.6.3\src\main\java\picocli\CommandLine.java,picocli.CommandLine$DuplicateNameException,innerclass,1,1,0,1,1,6,0,0,0,1.0,NaN,NaN,1,0,1,0,0,0,1,0,0,0,1,1,0,1,0,0,1,0,0,6,0,0,0,0,0,0,1,1,0,1,0,0,0,0,22,9,0
C:\Users\leven\OneDrive\Desktop\qmood-picocli\versions\v4.6.3\src\main\java\picocli\CommandLine.java,picocli.CommandLine$Model$CommandReflection$Anonymous23,anonymous,1,1,0,1,1,1,0,7,0,0.0,NaN,NaN,1,0,1,0,0,0,1,0,0,0,0,0,0,0,0,0,0,0,0,5,1,0,0,0,1,0,0,0,0,0,0,0,0,0,4,-1,0
C:\Users\leven\OneDrive\Desktop\qmood-picocli\versions\v4.6.3\src\main\java\picocli\CommandLine.java,picocli.CommandLine$Model$IAnnotatedElement,interface,5,5,0,5,23,1,0,0,253,0.0,0.0,0.0,23,0,0,0,0,23,23,0,0,0,0,0,0,0,0,0,0,0,0,25,0,0,0,0,0,0,0,0,0,0,0,0,0,0,47,1,0
C:\Users\leven\OneDrive\Desktop\qmood-picocli\versions\v4.6.3\src\main\java\picocli\CommandLine.java,picocli.CommandLine$Model$OptionSpec$Builder,innerclass,7,7,0,7,20,2,0,12,83,0.78289473,0.0,0.0,19,0,15,3,1,0,16,0,0,0,8,0,0,8,0,0,0,0,1,91,16,0,0,0,0,1,0,28,0,9,0,0,0,0,110,9,0
C:\Users\leven\OneDrive\Desktop\qmood-picocli\versions\v4.6.3\src\main\java\picocli\CommandLine.java,picocli.CommandLine$AbbreviationMatcher$MatchResult,innerclass,2,2,0,2,10,1,0,5,0,0.25,0.0,0.0,6,0,2,0,0,4,6,0,0,0,2,0,0,2,0,0,2,0,0,27,6,0,3,0,3,0,1,3,0,3,1,0,0,0,18,8,0
C:\Users\leven\OneDrive\Desktop\qmood-picocli\versions\v4.6.3\src\main\java\picocli\CommandLine.java,picocli.CommandLine$Model$InitialValueState,enum,0,0,0,0,0,1,0,0,0,0.0,-1.0,-1.0,0,0,0,0,0,0,0,0,0,0,0,0,0,0,0,0,0,0,0,1,0,0,0,0,0,0,0,0,0,0,0,0,0,0,12,0,0
C:\Users\leven\OneDrive\Desktop\qmood-picocli\versions\v4.6.3\src\main\java\picocli\CommandLine.java,picocli.CommandLine$Help$Anonymous32,anonymous,7,7,0,7,4,1,0,6,1,0.0,0.0,0.0,2,0,2,0,0,0,2,0,0,0,0,0,0,0,0,0,0,0,0,8,2,0,2,0,0,1,0,0,0,0,0,0,0,0,10,-1,0
C:\Users\leven\OneDrive\Desktop\qmood-picocli\versions\v4.6.3\src\main\java\picocli\CommandLine.java,picocli.CommandLine$Model$IGetter,interface,1,1,0,1,1,1,0,0,0,0.0,NaN,NaN,1,0,0,0,0,1,1,0,0,0,0,0,0,0,0,0,0,0,0,3,0,0,0,0,0,0,0,0,0,0,0,0,0,0,62,1,0
C:\Users\leven\OneDrive\Desktop\qmood-picocli\versions\v4.6.3\src\main\java\picocli\CommandLine.java,picocli.CommandLine$Model$MethodParam,innerclass,2,2,0,2,13,1,0,16,0,0.65,0.0,0.0,10,0,10,0,0,0,10,0,0,0,4,0,0,0,0,4,3,0,2,52,9,1,0,1,0,6,0,8,2,8,2,0,0,0,40,9,0
C:\Users\leven\OneDrive\Desktop\qmood-picocli\versions\v4.6.3\src\main\java\picocli\CommandLine.java,picocli.CommandLine$Help$ColorScheme$Builder,innerclass,6,6,0,6,25,1,0,16,173,0.83152175,0.0,0.0,23,0,21,2,0,0,21,0,0,0,8,0,0,8,0,0,6,0,12,100,19,0,2,0,0,10,0,12,0,8,1,0,0,0,98,9,0
C:\Users\leven\OneDrive\Desktop\qmood-picocli\versions\v4.6.3\src\main\java\picocli\CommandLine.java,picocli.CommandLine$RunLast,innerclass,9,9,0,9,13,3,0,15,21,0.0,0.0,0.0,7,2,2,2,3,0,5,0,0,0,0,0,0,0,0,0,0,0,7,47,8,3,1,0,0,0,4,11,3,10,2,0,0,0,158,9,0
C:\Users\leven\OneDrive\Desktop\qmood-picocli\versions\v4.6.3\src\main\java\picocli\CommandLine.java,picocli.CommandLine$IExecutionExceptionHandler,interface,2,2,0,2,1,1,0,0,0,0.0,NaN,NaN,1,0,0,0,0,1,1,0,0,0,0,0,0,0,0,0,0,0,0,3,0,0,0,0,0,0,0,0,0,0,0,0,0,0,76,1,0
C:\Users\leven\OneDrive\Desktop\qmood-picocli\versions\v4.6.3\src\main\java\picocli\CommandLine.java,picocli.CommandLine$Model$ISetter,interface,1,1,0,1,1,1,0,0,0,0.0,NaN,NaN,1,0,0,0,0,1,1,0,0,0,0,0,0,0,0,0,0,0,0,3,0,0,0,0,0,0,0,0,0,0,0,0,0,0,58,1,0
C:\Users\leven\OneDrive\Desktop\qmood-picocli\versions\v4.6.3\src\main\java\picocli\CommandLine.java,picocli.CommandLine$HelpCommand,innerclass,14,14,0,14,12,1,0,16,0,0.4074074,0.0,0.0,3,0,3,0,0,0,3,0,0,0,9,0,0,9,0,0,0,0,10,56,1,0,8,0,0,23,0,13,1,13,3,0,0,0,78,25,0
C:\Users\leven\OneDrive\Desktop\qmood-picocli\versions\v4.6.3\src\main\java\picocli\CommandLine.java,picocli.CommandLine$Help$DefaultOptionRenderer,innerclass,13,13,0,13,18,1,0,28,0,0.41666666,0.0,0.0,4,0,2,2,0,0,2,0,0,0,3,0,0,3,0,0,2,0,5,61,3,4,2,0,0,6,17,28,2,23,2,0,0,0,97,8,0
C:\Users\leven\OneDrive\Desktop\qmood-picocli\versions\v4.6.3\src\main\java\picocli\CommandLine.java,picocli.CommandLine$Help$DefaultParamLabelRenderer,innerclass,14,14,0,14,27,1,0,20,0,0.0,0.0,0.0,3,0,3,0,0,0,3,0,0,0,1,0,0,1,0,0,1,0,9,70,4,3,5,0,3,19,7,31,5,18,2,0,0,0,73,8,0
C:\Users\leven\OneDrive\Desktop\qmood-picocli\versions\v4.6.3\src\main\java\picocli\CommandLine.java,picocli.CommandLine$Model$RuntimeTypeInfo,innerclass,7,7,0,7,69,1,0,41,0,0.65217394,0.0,0.0,23,5,19,0,0,4,23,0,0,0,4,1,0,3,0,1,4,0,26,197,29,4,13,0,1,5,23,30,2,20,4,0,0,0,90,8,0
C:\Users\leven\OneDrive\Desktop\qmood-picocli\versions\v4.6.3\src\main\java\picocli\CommandLine.java,picocli.CommandLine$Help$ShortestFirst,innerclass,1,1,0,1,3,1,0,3,3,0.0,0.0,0.0,3,2,3,0,0,0,3,0,0,0,0,0,0,0,0,0,0,0,3,13,3,0,0,0,0,0,0,0,1,0,0,0,0,0,20,8,0
C:\Users\leven\OneDrive\Desktop\qmood-picocli\versions\v4.6.3\src\main\java\picocli\CommandLine.java,picocli.CommandLine$Model$ArgSpec$Builder,innerclass,27,27,0,27,95,1,0,78,2223,0.93505996,0.0,0.0,74,1,66,2,1,5,72,2,0,0,36,0,0,36,0,0,0,0,26,413,67,0,6,0,1,15,6,134,2,38,3,0,0,0,283,1032,0
C:\Users\leven\OneDrive\Desktop\qmood-picocli\versions\v4.6.3\src\main\java\picocli\CommandLine.java,picocli.CommandLine$Model$IOrdered,interface,0,0,0,0,1,1,0,0,0,0.0,NaN,NaN,1,0,0,0,0,1,1,0,0,0,0,0,0,0,0,0,0,0,0,3,0,0,0,0,0,0,0,0,0,0,0,0,0,0,50,1,0
C:\Users\leven\OneDrive\Desktop\qmood-picocli\versions\v4.6.3\src\main\java\picocli\CommandLine.java,picocli.CommandLine$INegatableOptionTransformer,interface,1,1,0,1,2,1,0,0,1,0.0,0.0,0.0,2,0,0,0,0,2,2,0,0,0,0,0,0,0,0,0,0,0,0,4,0,0,0,0,0,0,0,0,0,0,0,0,0,0,83,1,0
C:\Users\leven\OneDrive\Desktop\qmood-picocli\versions\v4.6.3\src\main\java\picocli\CommandLine.java,picocli.CommandLine$BuiltIn$IntegerConverter,innerclass,3,3,0,3,2,1,0,2,0,0.0,NaN,NaN,1,0,1,0,0,0,1,0,0,0,0,0,0,0,0,0,0,0,2,10,1,0,0,1,0,1,0,0,0,0,1,0,0,0,15,8,0
C:\Users\leven\OneDrive\Desktop\qmood-picocli\versions\v4.6.3\src\main\java\picocli\CommandLine.java,picocli.CommandLine$Model$PicocliInvocationHandler$ProxyBinding,innerclass,5,5,0,5,3,1,0,5,0,0.0,0.0,0.0,3,0,2,0,0,1,3,0,0,0,1,0,0,1,0,0,1,0,1,14,2,0,0,0,0,2,0,2,0,2,0,0,0,0,11,0,0
C:\Users\leven\OneDrive\Desktop\qmood-picocli\versions\v4.6.3\src\main\java\picocli\CommandLine.java,picocli.CommandLine$Model$ITypeInfo,interface,1,1,0,1,14,1,0,0,91,0.0,0.0,0.0,14,0,0,0,0,14,14,0,0,0,0,0,0,0,0,0,0,0,0,16,0,0,0,0,0,0,0,0,0,0,0,0,0,0,81,1,0
C:\Users\leven\OneDrive\Desktop\qmood-picocli\versions\v4.6.3\src\main\java\picocli\CommandLine.java,picocli.CommandLine$BuiltIn$FloatConverter,innerclass,3,3,0,3,2,1,0,2,0,0.0,NaN,NaN,1,0,1,0,0,0,1,0,0,0,0,0,0,0,0,0,0,0,2,10,1,0,0,1,0,0,0,0,0,0,1,0,0,0,7,8,0
C:\Users\leven\OneDrive\Desktop\qmood-picocli\versions\v4.6.3\src\main\java\picocli\CommandLine.java,picocli.CommandLine$Model$ArgSpec,innerclass,30,30,0,30,177,1,0,106,1983,0.95129114,0.0,0.0,71,7,48,13,6,4,58,3,0,0,48,7,0,38,3,7,37,0,61,974,78,11,42,6,7,58,43,119,40,90,4,0,1,0,487,1033,7
C:\Users\leven\OneDrive\Desktop\qmood-picocli\versions\v4.6.3\src\main\java\picocli\CommandLine.java,picocli.CommandLine$IParameterExceptionHandler,interface,1,1,0,1,1,1,0,0,0,0.0,NaN,NaN,1,0,0,0,0,1,1,0,0,0,0,0,0,0,0,0,0,0,0,3,0,0,0,0,0,0,0,0,0,0,0,0,0,0,73,1,0
C:\Users\leven\OneDrive\Desktop\qmood-picocli\versions\v4.6.3\src\main\java\picocli\CommandLine.java,picocli.CommandLine$BuiltIn,innerclass,4,4,0,4,8,1,0,11,10,0.8,0.0,0.0,5,4,0,3,0,2,2,0,0,0,1,1,0,0,0,1,0,0,4,281,4,1,0,0,0,7,0,2,0,2,2,0,29,0,32,10,2
C:\Users\leven\OneDrive\Desktop\qmood-picocli\versions\v4.6.3\src\main\java\picocli\CommandLine.java,picocli.CommandLine$Model$PositionalParamSpec$Builder,innerclass,7,7,0,7,10,2,0,6,15,0.55,0.0,0.0,10,0,4,3,1,2,7,0,0,0,2,0,0,2,0,0,0,0,3,39,7,0,0,0,0,0,0,6,0,2,0,0,0,0,39,9,0
C:\Users\leven\OneDrive\Desktop\qmood-picocli\versions\v4.6.3\src\main\java\picocli\CommandLine.java,picocli.CommandLine$Help$MinimalOptionRenderer,innerclass,8,8,0,8,3,1,0,9,0,0.0,NaN,NaN,1,0,1,0,0,0,1,0,0,0,0,0,0,0,0,0,0,0,0,8,1,0,1,0,0,1,4,3,0,2,0,0,0,0,38,8,0
C:\Users\leven\OneDrive\Desktop\qmood-picocli\versions\v4.6.3\src\main\java\picocli\CommandLine.java,picocli.CommandLine$Assert,innerclass,2,2,0,2,13,1,0,3,21,0.0,0.0,0.0,7,6,0,1,0,6,6,0,0,0,0,0,0,0,0,0,0,0,0,25,4,0,4,0,0,0,3,0,0,0,1,0,0,0,46,26,0
C:\Users\leven\OneDrive\Desktop\qmood-picocli\versions\v4.6.3\src\main\java\picocli\CommandLine.java,picocli.CommandLine$IExceptionHandler2,interface,4,4,0,4,2,1,0,0,1,0.0,0.0,0.0,2,0,0,0,0,2,2,0,0,0,0,0,0,0,0,0,0,0,0,4,0,0,0,0,0,0,0,0,0,0,0,0,0,0,72,1,0
C:\Users\leven\OneDrive\Desktop\qmood-picocli\versions\v4.6.3\src\main\java\picocli\CommandLine.java,picocli.CommandLine$IExecutionStrategy,interface,1,1,0,1,1,1,0,0,0,0.0,NaN,NaN,1,0,0,0,0,1,1,0,0,0,0,0,0,0,0,0,0,0,0,3,0,0,0,0,0,0,0,0,0,0,0,0,0,0,113,1,0
C:\Users\leven\OneDrive\Desktop\qmood-picocli\versions\v4.6.3\src\main\java\picocli\CommandLine.java,picocli.CommandLine$Model$CommandUserObject,innerclass,11,11,0,11,29,1,0,18,1,0.6,0.0,0.0,10,1,9,1,0,0,9,0,0,0,4,0,0,4,0,0,1,0,12,89,14,1,11,1,0,9,0,9,1,5,4,0,0,0,46,8,5
C:\Users\leven\OneDrive\Desktop\qmood-picocli\versions\v4.6.3\src\main\java\picocli\CommandLine.java,picocli.CommandLine$ParseResult$GroupMatch,innerclass,8,8,0,8,53,1,0,56,74,0.8308823,0.0,0.0,17,0,6,3,0,8,14,0,0,0,8,0,0,1,0,7,2,0,10,170,21,9,11,0,1,6,13,33,2,23,4,0,0,0,105,9,0
C:\Users\leven\OneDrive\Desktop\qmood-picocli\versions\v4.6.3\src\main\java\picocli\CommandLine.java,picocli.CommandLine$ParseResult,innerclass,11,11,0,11,48,1,0,38,528,0.91840285,0.0,0.0,36,1,31,4,0,1,32,0,0,0,16,0,0,15,0,1,16,0,14,768,36,2,6,0,0,2,2,16,1,16,1,0,4,0,200,9,0
C:\Users\leven\OneDrive\Desktop\qmood-picocli\versions\v4.6.3\src\main\java\picocli\CommandLine.java,picocli.CommandLine$Anonymous1,anonymous,4,4,0,4,1,1,0,8,0,0.0,NaN,NaN,1,0,1,0,0,0,1,0,0,0,0,0,0,0,0,0,0,0,2,7,1,0,0,0,0,0,0,1,0,1,0,0,0,0,11,-1,0
C:\Users\leven\OneDrive\Desktop\qmood-picocli\versions\v4.6.3\src\main\java\picocli\CommandLine.java,picocli.CommandLine$Help$Ansi$StyledSection,innerclass,1,1,0,1,2,1,0,0,0,0.125,0.0,0.0,2,0,0,0,0,2,2,0,0,0,2,0,0,0,0,2,0,0,0,13,1,0,0,0,0,0,0,4,0,4,0,0,0,0,13,10,0
C:\Users\leven\OneDrive\Desktop\qmood-picocli\versions\v4.6.3\src\main\java\picocli\CommandLine.java,picocli.CommandLine$Anonymous2,anonymous,2,2,0,2,1,1,0,0,0,0.0,NaN,NaN,1,0,1,0,0,0,1,0,0,0,0,0,0,0,0,0,0,0,0,5,0,0,0,0,0,0,0,0,0,0,0,0,0,0,9,-1,0
C:\Users\leven\OneDrive\Desktop\qmood-picocli\versions\v4.6.3\src\main\java\picocli\CommandLine.java,picocli.CommandLine$Anonymous3,anonymous,0,0,0,0,1,1,0,2,0,0.0,NaN,NaN,1,0,1,0,0,0,1,0,0,0,0,0,0,0,0,0,0,0,0,5,1,0,0,0,0,0,0,0,0,0,0,0,0,0,3,-1,0
C:\Users\leven\OneDrive\Desktop\qmood-picocli\versions\v4.6.3\src\main\java\picocli\CommandLine.java,picocli.CommandLine$AutoHelpMixin,innerclass,1,1,0,1,0,1,0,0,0,NaN,-1.0,-1.0,0,0,0,0,0,0,0,0,0,0,3,1,0,3,0,0,1,0,0,5,0,0,0,0,0,9,0,1,0,3,0,0,0,0,15,8,0
C:\Users\leven\OneDrive\Desktop\qmood-picocli\versions\v4.6.3\src\main\java\picocli\CommandLine.java,picocli.CommandLine$IExitCodeExceptionMapper,interface,0,0,0,0,1,1,0,0,0,0.0,NaN,NaN,1,0,0,0,0,1,1,0,0,0,0,0,0,0,0,0,0,0,0,3,0,0,0,0,0,0,0,0,0,0,0,0,0,0,47,1,0
C:\Users\leven\OneDrive\Desktop\qmood-picocli\versions\v4.6.3\src\main\java\picocli\CommandLine.java,picocli.CommandLine$Model$Interpolator$ILookup,interface,0,0,0,0,1,1,0,0,0,0.0,NaN,NaN,1,0,0,0,0,1,1,0,0,0,0,0,0,0,0,0,0,0,0,3,0,0,0,0,0,0,0,0,0,0,0,0,0,0,4,0,0
C:\Users\leven\OneDrive\Desktop\qmood-picocli\versions\v4.6.3\src\main\java\picocli\CommandLine.java,picocli.CommandLine$IParameterConsumer,interface,2,2,0,2,1,1,0,0,0,0.0,NaN,NaN,1,0,0,0,0,1,1,0,0,0,0,0,0,0,0,0,0,0,0,3,0,0,0,0,0,0,0,0,0,0,0,0,0,0,141,1,0
C:\Users\leven\OneDrive\Desktop\qmood-picocli\versions\v4.6.3\src\main\java\picocli\CommandLine.java,picocli.CommandLine$MissingTypeConverterException,innerclass,2,2,0,2,1,6,0,0,0,1.0,NaN,NaN,1,0,1,0,0,0,1,0,0,0,1,1,0,1,0,0,1,0,0,6,0,0,0,0,0,0,1,1,0,1,0,0,0,0,27,9,0
C:\Users\leven\OneDrive\Desktop\qmood-picocli\versions\v4.6.3\src\main\java\picocli\CommandLine.java,picocli.CommandLine$Help$TextTable$Cell,innerclass,0,0,0,0,1,1,0,0,0,0.0,NaN,NaN,1,0,1,0,0,0,1,0,0,0,2,0,2,0,0,0,2,0,0,8,0,0,0,0,0,0,0,2,0,2,0,0,0,0,18,9,0
C:\Users\leven\OneDrive\Desktop\qmood-picocli\versions\v4.6.3\src\main\java\picocli\CommandLine.java,picocli.CommandLine$Model$Interpolator$Anonymous27,anonymous,2,2,0,2,11,1,0,9,0,0.0,NaN,NaN,1,0,1,0,0,0,1,0,0,0,0,0,0,0,0,0,0,0,3,15,1,0,5,0,0,5,0,4,0,1,1,0,0,0,15,-1,0
C:\Users\leven\OneDrive\Desktop\qmood-picocli\versions\v4.6.3\src\main\java\picocli\CommandLine.java,picocli.CommandLine$Model$Interpolator$Anonymous24,anonymous,0,0,0,0,1,1,0,1,0,0.0,NaN,NaN,1,0,1,0,0,0,1,0,0,0,0,0,0,0,0,0,0,0,1,5,1,0,0,0,0,0,0,0,0,0,0,0,0,0,2,-1,0
C:\Users\leven\OneDrive\Desktop\qmood-picocli\versions\v4.6.3\src\main\java\picocli\CommandLine.java,picocli.CommandLine$Model$Interpolator$Anonymous25,anonymous,0,0,0,0,1,1,0,1,0,0.0,NaN,NaN,1,0,1,0,0,0,1,0,0,0,0,0,0,0,0,0,0,0,1,5,1,0,0,0,0,0,0,0,0,0,0,0,0,0,2,-1,0
C:\Users\leven\OneDrive\Desktop\qmood-picocli\versions\v4.6.3\src\main\java\picocli\CommandLine.java,picocli.CommandLine$Model$MethodBinding,innerclass,9,9,0,9,10,1,0,8,0,0.5,0.0,0.0,5,0,3,1,0,1,4,0,0,0,4,0,0,4,0,0,3,0,1,45,4,0,1,2,0,8,0,7,2,7,2,0,0,0,36,8,0
C:\Users\leven\OneDrive\Desktop\qmood-picocli\versions\v4.6.3\src\main\java\picocli\CommandLine.java,picocli.CommandLine$Model$Interpolator$Anonymous26,anonymous,2,2,0,2,1,1,0,2,0,0.0,NaN,NaN,1,0,1,0,0,0,1,0,0,0,0,0,0,0,0,0,0,0,1,5,1,0,0,0,0,0,0,0,0,0,0,0,0,0,4,-1,0
C:\Users\leven\OneDrive\Desktop\qmood-picocli\versions\v4.6.3\src\main\java\picocli\CommandLine.java,picocli.CommandLine$Help$IOptionRenderer,interface,4,4,0,4,1,1,0,0,0,0.0,NaN,NaN,1,0,0,0,0,1,1,0,0,0,0,0,0,0,0,0,0,0,0,3,0,0,0,0,0,0,0,0,0,0,0,0,0,0,63,1,0
C:\Users\leven\OneDrive\Desktop\qmood-picocli\versions\v4.6.3\src\main\java\picocli\AutoComplete.java,picocli.AutoComplete$NullFunction,innerclass,1,1,0,1,1,1,0,1,0,0.0,NaN,NaN,1,0,1,0,0,0,1,0,0,0,0,0,0,0,0,0,0,0,0,5,1,0,0,0,0,0,0,0,0,0,0,0,0,0,6,10,0
C:\Users\leven\OneDrive\Desktop\qmood-picocli\versions\v4.6.3\src\main\java\picocli\CommandLine.java,picocli.CommandLine$Model$ObjectScope,innerclass,6,6,0,6,14,1,0,6,16,0.5,0.0,0.0,8,4,7,0,0,1,8,0,0,0,1,0,0,1,0,0,0,0,4,41,9,0,3,1,3,4,0,4,0,3,1,0,0,0,27,8,0
C:\Users\leven\OneDrive\Desktop\qmood-picocli\versions\v4.6.3\src\main\java\picocli\CommandLine.java,picocli.CommandLine$Spec$Target,enum,0,0,0,0,0,1,0,0,0,0.0,-1.0,-1.0,0,0,0,0,0,0,0,0,0,0,0,0,0,0,0,0,0,0,0,3,0,0,0,0,0,0,0,0,0,0,0,0,0,0,40,0,0
C:\Users\leven\OneDrive\Desktop\qmood-picocli\versions\v4.6.3\src\main\java\picocli\CommandLine.java,picocli.CommandLine$NoOpModelTransformer,innerclass,2,2,0,2,1,1,0,0,0,0.0,NaN,NaN,1,0,1,0,0,0,1,0,0,0,0,0,0,0,0,0,0,0,0,5,1,0,0,0,0,0,0,0,0,0,0,0,0,0,9,10,0
C:\Users\leven\OneDrive\Desktop\qmood-picocli\versions\v4.6.3\src\main\java\picocli\CommandLine.java,picocli.CommandLine$Help$Ansi$Text,innerclass,9,9,0,9,53,1,0,40,69,0.6818182,0.0,0.0,22,0,20,2,0,0,20,0,0,0,6,0,0,6,0,0,1,0,8,203,22,10,13,0,1,4,26,55,26,29,3,0,0,0,152,1,0
C:\Users\leven\OneDrive\Desktop\qmood-picocli\versions\v4.6.3\src\main\java\picocli\CommandLine.java,picocli.CommandLine$ParseResult$Builder,innerclass,13,13,0,13,43,1,0,43,99,0.91049385,0.0,0.0,18,0,10,4,0,4,14,0,0,0,18,0,0,17,0,1,13,0,5,146,13,2,6,0,2,7,6,27,1,30,2,0,0,0,144,9,2
C:\Users\leven\OneDrive\Desktop\qmood-picocli\versions\v4.6.3\src\main\java\picocli\CommandLine.java,picocli.CommandLine$IModelTransformer,interface,1,1,0,1,1,1,0,0,0,0.0,NaN,NaN,1,0,0,0,0,1,1,0,0,0,0,0,0,0,0,0,0,0,0,3,0,0,0,0,0,0,0,0,0,0,0,0,0,0,74,1,0
C:\Users\leven\OneDrive\Desktop\qmood-picocli\versions\v4.6.3\src\main\java\picocli\CommandLine.java,picocli.CommandLine$LookBehind,enum,1,1,0,1,8,1,0,1,3,0.0,0.0,0.0,3,1,1,0,0,2,3,0,0,0,0,0,0,0,0,0,0,0,0,16,5,0,3,0,0,4,0,0,0,0,1,0,0,0,22,2,0
C:\Users\leven\OneDrive\Desktop\qmood-picocli\versions\v4.6.3\src\main\java\picocli\CommandLine.java,picocli.CommandLine$BuiltIn$CharacterConverter,innerclass,2,2,0,2,2,1,0,2,0,0.0,NaN,NaN,1,0,1,0,0,0,1,0,0,0,0,0,0,0,0,0,0,0,0,8,1,0,0,0,0,2,2,0,1,0,1,0,0,0,11,8,0
C:\Users\leven\OneDrive\Desktop\qmood-picocli\versions\v4.6.3\src\main\java\picocli\CommandLine.java,picocli.CommandLine$BuiltIn$ByteOrderConverter,innerclass,2,2,0,2,3,1,0,2,0,0.0,NaN,NaN,1,0,1,0,0,0,1,0,0,0,0,0,0,0,0,0,0,0,0,11,2,0,0,0,0,2,0,0,1,0,1,0,0,0,12,8,0
C:\Users\leven\OneDrive\Desktop\qmood-picocli\versions\v4.6.3\src\main\java\picocli\CommandLine.java,picocli.CommandLine$Model$FieldBinding,innerclass,6,6,0,6,9,1,0,11,0,0.1,0.0,0.0,5,0,3,0,0,2,5,0,0,0,2,0,0,2,0,0,2,0,2,47,3,0,0,4,0,8,0,6,4,6,1,0,0,0,20,8,0
